event,year,wind_speed,pop_density,wind_src,Total Affected
Cyclone '04B',1988,110.0,965,ibtracs,1900000.0
Cyclone '02B',1990,125.0,436,ibtracs,2600000.0
Cyclone '07B',1996,115.0,308,ibtracs,7000000.0
Cyclone '05A',1996,50.0,513,ibtracs,100000.0
,1989,55.0,619,ibtracs,3700000.0
,1993,75.0,1558,ibtracs,72000.0
03,1996,45.0,489,ibtracs,1842100.0
03A,1998,105.0,244,ibtracs,4600893.0
Cyclone 'Fani',2019,150.0,273,ibtracs,20000000.0
Tropical storm 'Titli',2018,105.0,290,ibtracs,300200.0
Tropical storm 'Jawad',2021,35.0,474,ibtracs,2050.0
05B,1999,140.0,515,ibtracs,12628312.0
Cyclone Mora,2017,80.0,79,ibtracs,1970.0
,1994,45.0,398,ibtracs,428500.0
Tropical cyclone Mahasen,2013,45.0,308,ibtracs,4.0
,1975,35.0,564,ibtracs,2000.0
,1981,75.0,619,ibtracs,20000.0
,1983,25.0,290,ibtracs,800000.0
4B,1991,35.0,1141,ibtracs,25000.0
,1996,75.0,308,ibtracs,335000.0
,1974,10.8,965,emdat,25000.0
Cyclone 'Mocha',2023,145.0,169,ibtracs,1000.0
Tropical storm 'Dana',2024,65.0,619,ibtracs,3810012.0
Tropical storm 'Michaung',2023,65.0,431,ibtracs,4390000.0
,1971,94.5,619,emdat,6900000.0
,1977,80.0,577,ibtracs,14469800.0
,1979,85.0,308,ibtracs,1605772.0
,1982,85.0,332,ibtracs,5000000.0
,1983,50.0,290,ibtracs,714000.0
O2a,1999,110.0,290,ibtracs,40696.0
,1984,75.0,712,ibtracs,35000.0
,1985,50.0,308,ibtracs,5000.0
,2006,25.0,790,ibtracs,150300.0
Cyclone Thane,2011,90.0,1558,ibtracs,250000.0
Cyclone Phailin,2013,140.0,539,ibtracs,13230000.0
Cyclone 'Ockhi',2017,100.0,970,ibtracs,60000.0
Tropical cyclone 'Tauktae',2021,80.0,1532,ibtracs,700153.0
Cyclone 'Yaas',2021,65.0,619,ibtracs,1625000.0
Tropical cyclone '03B' (Sriharikota cyclone),1984,85.0,436,ibtracs,1300000.0
,1972,80.0,290,ibtracs,4500000.0
,1982,55.0,273,ibtracs,300493.0
,1986,25.0,965,ibtracs,3300000.0
,1987,55.0,308,ibtracs,50000.0
,1987,50.0,308,ibtracs,30000.0
,1992,75.6,382,emdat,100.0
,1993,108.0,965,emdat,500.0
03B,2000,65.0,436,ibtracs,30000.0
Cyclone Hudhud,2014,115.0,256,ibtracs,920000.0
Cyclone 'Gaja',2018,80.0,564,ibtracs,500000.0
Cyclone 'Amphan',2020,145.0,619,ibtracs,18000000.0
Cyclone 'Nisarga',2020,85.0,375,ibtracs,7500.0
Cyclone 'Shaheen',2021,40.0,311,ibtracs,179000.0
Cyclone 'Biparjoy',2023,30.0,244,ibtracs,10000.0
Cyclone 'Remal',2024,60.0,324,ibtracs,2109643.0
Tropical storm 'Montha',2025,45.0,293,ibtracs,1800000.0
,1999,120.0,273,ibtracs,1201000.0
,2003,54.0,382,emdat,4600.0
,2003,55.0,308,ibtracs,40000.0
"Cyclone ""Aila""",2009,65.0,965,ibtracs,5100000.0
Tropical storm 'Phethai',2018,55.0,290,ibtracs,10000.0
Tropical cyclone 'Bulbul',2019,105.0,359,ibtracs,130000.0
